{"0": 0.5126499828591018, "1": 2.418175937904269, "2": 1.572780816154817}